id,title,year,journal,doi,scope,language,official_repo,input,output,turnkey_entrypoint,readiness,main_caution,execution_mode,validation_status,mock_input
NM_TRANSFORM_2023,Comparison of transformations for single-cell RNA-seq data,2023,Nature Methods,10.1038/s41592-023-01814-1,single-cell preprocessing,R,https://doi.org/10.5281/zenodo.7504146,gene x cell count matrix,transformed matrix and PCA-ready features,R/01_single_cell_transformations.R,baseline-function,transformation choice changes geometry; validate on the intended assay,baseline-function,smoke-check pending R runtime,data/mock/scrna_counts.csv
CELLRANK2_2024,CellRank 2: unified fate mapping in multiview single-cell data,2024,Nature Methods,10.1038/s41592-024-02303-9,trajectory and fate mapping,Python,https://github.com/theislab/cellrank,.h5ad with neighbors and a kernel-specific view,fate probabilities terminal states lineage-correlated genes,python/01_cellrank2_template.py,runtime-required,requires an explicit dynamical prior; fate probabilities are model outputs,runtime-required,syntax-checked; h5ad integration pending,none
SCGPT_2024,scGPT: toward building a foundation model for single-cell multi-omics using generative AI,2024,Nature Methods,10.1038/s41592-024-02201-0,foundation model for annotation integration perturbation,Python,https://github.com/bowang-lab/scGPT,.h5ad or tokenized expression plus checkpoint,embeddings annotations perturbation predictions,python/02_scgpt_embedding_template.py,manifest-only,checkpoint and weights license must be checked; benchmark against a classical baseline,manifest-only,manifest CLI checked,none
SCFOUNDATION_2024,Large-scale foundation model on single-cell transcriptomics,2024,Nature Methods,10.1038/s41592-024-02305-7,embedding enhancement perturbation drug response,Python,https://github.com/biomap-research/scFoundation,.h5ad or expression matrix plus model checkpoint,embeddings and task-specific predictions,python/03_scFoundation_embedding_template.py,manifest-only,large memory and model-license constraints,manifest-only,manifest CLI checked,none
FEATURE_SELECTION_2025,Feature selection methods affect the performance of scRNA-seq data integration and querying,2025,Nature Methods,10.1038/s41592-025-02624-3,benchmark for feature selection and atlas querying,R,https://github.com/theislab/atlas-feature-selection-benchmark,raw counts plus batch labels,selected features integration/query metrics,R/02_feature_selection_benchmark.R,baseline-function,the bundled R helper is a transparent variance/effect baseline; use scran or the official benchmark for formal HVG comparisons,baseline-function,syntax-checked; benchmark integration pending,data/mock/scrna_counts.csv + data/mock/scrna_metadata.csv
BAMBU_2023,Context-aware transcript quantification from long-read RNA-seq data with Bambu,2023,Nature Methods,10.1038/s41592-023-01908-w,long-read transcript discovery and quantification,R,https://github.com/GoekeLab/bambu,BAM alignments GTF genome FASTA,novel and known transcript counts,R/03_bambu_long_read.R,package+reference-required,BAM must be genome-aligned and the GTF/FASTA must match the alignment reference,package+reference-required,syntax-checked; BAM integration pending,none
SATURN_2024,Toward universal cell embeddings: integrating single-cell RNA-seq datasets across species with SATURN,2024,Nature Methods,10.1038/s41592-024-02191-z,cross-species single-cell integration,Python,https://github.com/snap-stanford/SATURN,scRNA-seq matrices from multiple species plus protein embeddings,universal cell embeddings cross-species annotation transfer,python/06_saturn_template.py,manifest-only,requires protein sequences/checkpoints and careful cross-species QC,manifest-only,manifest CLI checked; multi-species integration pending,none
SATURN_RN_DTU_2021,Scalable Analysis of Differential Transcript Usage for Bulk and Single-Cell RNA-sequencing Applications,2021,F1000Research,10.12688/f1000research.51749.1,transcript usage and DTU,R,https://github.com/statOmics/satuRn,transcript counts metadata transcript-to-gene table,transcript-level empirical FDR and usage plots,R/04_satuRn_dtu.R,package+transcript-inputs-required,"this is the R package satuRn, distinct from cross-species SATURN; needs biological replicates and at least two isoforms per gene",package+transcript-inputs-required,syntax-checked; transcript integration pending,none
MONOD_2025,Monod: model-based discovery and integration through fitting stochastic transcriptional dynamics to single-cell sequencing data,2025,Nature Methods,10.1038/s41592-025-02832-x,biophysical nascent/mature RNA modeling,Python,https://github.com/pachterlab/monod,nascent and mature count matrices plus loom/config,kinetic parameters model comparisons and uncertainty,python/05_monod_template.py,manifest-only,manifest only; run the official Monod package/examples with the required nascent/mature format and report uncertainty,manifest-only,manifest CLI checked; official package fit pending,none
NICHEFORMER_2025,Nicheformer: a foundation model for single-cell and spatial omics,2025,Nature Methods,10.1038/s41592-025-02814-z,spatial context transfer and niche prediction,Python,https://github.com/theislab/nicheformer,dissociated or spatial transcriptomics plus checkpoint,niche embeddings and spatial-context predictions,python/04_nicheformer_template.py,manifest-only,domain shift and checkpoint size require external validation,manifest-only,manifest CLI checked; h5ad/checkpoint integration pending,none
UCE_2026,Universal cell embedding provides a foundation model for cell biology,2026,Nature,10.1038/s41586-026-10689-z,zero-shot single-cell embedding and annotation transfer,Python,https://github.com/snap-stanford/UCE,AnnData plus pinned UCE checkpoint,zero-shot cell embeddings and cross-species annotation transfer,python/07_uce_manifest.py,manifest-only,checkpoint and gene/protein vocabulary coverage require explicit audit,manifest-only,manifest CLI checked; h5ad/checkpoint integration pending,none
MELLON_2024,Quantifying cell-state densities in single-cell phenotypic landscapes using Mellon,2024,Nature Methods,10.1038/s41592-024-02302-w,cell-state density and temporal interpolation,Python,https://github.com/settylab/Mellon,high-dimensional cell representation plus optional time or sample metadata,cell-state density gene-change scores and optional temporal interpolation,python/09_mellon_template.py,manifest-only,depends on the chosen representation; density is not a causal lineage probability,manifest-only,manifest CLI checked; official package fit pending,none
MISO_2025,Resolving tissue complexity by multimodal spatial omics modeling with MISO,2025,Nature Methods,10.1038/s41592-024-02574-2,multimodal spatial omics integration and clustering,Python,https://github.com/kpcoleman/miso,aligned spatial omics modalities plus optional histology features,multimodal embedding spatial clusters and integration diagnostics,python/10_miso_manifest.py,manifest-only,requires shared spot keys coordinates and an old Python 3.7/Git-LFS environment,manifest-only,manifest CLI checked; official workflow pending,none
SCMMIB_2025,Benchmarking single-cell multi-modal data integrations,2025,Nature Methods,10.1038/s41592-025-02737-9,paired unpaired and mosaic multimodal integration benchmark,Python,https://github.com/bm2-lab/SCMMI_Benchmark,dataset manifest plus paired or unpaired scRNA scATAC or ADT inputs,accuracy robustness and scalability metrics,python/11_scmmib_manifest.py,manifest-only,benchmark rankings are task and modality specific rather than a universal method recommendation,manifest-only,manifest CLI checked; official benchmark run pending,none
SCMULTIBENCH_2025,Multitask benchmarking of single-cell multimodal omics integration methods,2025,Nature Methods,10.1038/s41592-025-02856-3,multitask benchmark for multimodal integration,Python,https://github.com/PYangLab/scMultiBench,dataset manifest plus selected integration tasks,task-specific metrics for reduction batch correction clustering classification imputation feature selection and spatial registration,python/12_scmultibench_manifest.py,manifest-only,rankings depend on task modality dataset and split; use as a selection guide rather than a universal leaderboard,manifest-only,manifest CLI checked; official benchmark run pending,none
NARMBENCH_2026,Systematic evaluation of computational tools for multitype RNA modification detection using nanopore direct RNA sequencing,2026,Nature Methods,10.1038/s41592-025-02974-y,nanopore direct-RNA modification detection benchmark,Python,https://github.com/JiejunShi/NaRMBench,raw nanopore reads reference and chemistry/modification labels,site-level detection precision-recall quantification and biological-validity metrics,python/13_narmbench_manifest.py,manifest-only,chemistry and retraining strongly affect non-m6A calls; report calibration and biological validation,manifest-only,manifest CLI checked; official benchmark run pending,none
PINNACLE_2024,Contextual AI models for single-cell protein biology,2024,Nature Methods,10.1038/s41592-024-02341-3,context-aware protein representations and target prioritization,Python,https://github.com/mims-harvard/PINNACLE,single-cell expression plus protein interaction network and cell-type/tissue context,context-aware protein and cell representations plus target or drug prioritization scores,python/14_pinnacle_manifest.py,manifest-only,context metadata network version and checkpoint must be audited; representation scores are hypotheses rather than causal evidence,manifest-only,manifest CLI checked; official workflow pending,none
PHLOWER_2025,PHLOWER leverages single-cell multimodal data to infer complex multi-branching cell differentiation trajectories,2025,Nature Methods,10.1038/s41592-025-02870-5,multimodal branching trajectory inference,Python,https://github.com/CostaLab/phlower,single-cell multimodal matrices or AnnData with shared cell IDs and optional root/terminal labels,trajectory and edge-flow embeddings differentiation trees and candidate transcriptional regulators,python/15_phlower_manifest.py,manifest-only,requires aligned cell IDs and a defensible root/direction; inferred branches and regulators are hypotheses,manifest-only,manifest CLI checked; official workflow pending,none
SPATIALDATA_2025,SpatialData: an open and universal data framework for spatial omics,2025,Nature Methods,10.1038/s41592-024-02212-x,spatial omics data interoperability and coordinate-aware storage,Python,https://github.com/scverse/spatialdata,SpatialData/Zarr tables images labels shapes points and coordinate transforms,interoperable spatial elements and coordinate-aware multimodal access,python/16_spatialdata_manifest.py,manifest-only,container interoperability does not fix segmentation registration coordinate units or biological confounding,manifest-only,manifest CLI checked; official readers/integration pending,none
SCIKITBIO_2026,Scikit-bio: a fundamental Python library for biological omic data analysis,2026,Nature Methods,10.1038/s41592-025-02981-z,general biological sequence table distance diversity taxonomy and phylogeny analysis,Python,https://github.com/scikit-bio/scikit-bio,sequence feature table metadata distance matrix taxonomy or phylogenetic tree,format-aware bioinformatics objects and operation-specific outputs,python/17_scikit_bio_manifest.py,manifest-only,library algorithms do not replace assay-specific experimental design metadata validation or independent biological interpretation,manifest-only,manifest CLI checked; official package operation pending,none
SACCELERATOR_2026,Beyond benchmarking: an expert-guided consensus approach to spatially aware clustering,2026,Nature Methods,10.1038/s41592-026-03194-8,spatially aware clustering benchmark consensus and expert-guided review,Python,https://github.com/SpatialHackathon/SACCELERATOR,spatial expression tables coordinates dataset manifest method configurations and optional expert labels,method-level spatial metrics cross-dataset reproducibility consensus clusters and disagreement regions,python/18_saccelerator_manifest.py,manifest-only,manual anatomical labels are comparison evidence rather than automatic ground truth; consensus and metric scores require expert and biological validation,manifest-only,manifest CLI checked; official benchmark pending,none
NOVAE_2025,Novae: a foundation model for spatial transcriptomics,2025,Nature Methods,10.1038/s41592-025-02899-6,spatial domain inference batch correction and tissue architecture,Python,https://github.com/prism-oncology/novae,spatial transcriptomics or AnnData inputs with optional gene panels and checkpoint,spot or cell domain assignments batch-aware representations spatially variable genes pathways and tissue-architecture summaries,python/19_novae_manifest.py,manifest-only,model outputs depend on tissue registration gene-panel coverage and batch/domain shift; validate against held-out sections and orthogonal markers,manifest-only,manifest CLI checked; official model run pending,none
