method_id,category,function,language,minimal_input,required_format,primary_output,stage,execution_mode
UTILITY_INPUT_AUDIT_R,input_audit,输入审计,R,all projects,count matrix + metadata,audit report,0,baseline-function
UTILITY_INPUT_AUDIT_PY,input_audit,输入审计,Python,all projects,AnnData/CSV/TSV path,JSON manifest,0,baseline-function
UTILITY_SAMPLE_SUMMARY_R,sample_level_reporting,样本级汇总,R,cell scores + metadata,cell IDs and sample IDs,sample-level table,3,baseline-function
UTILITY_SAMPLE_SUMMARY_PY,sample_level_reporting,样本级汇总,Python,cell scores CSV + metadata CSV,cell IDs and sample IDs,sample-level table,3,baseline-function
NM_TRANSFORM_2023,preprocessing,单细胞表达变换,R,raw gene x cell counts,count matrix,transformed matrix,1,baseline-function
FEATURE_SELECTION_2025,preprocessing,特征选择与 atlas/query,R,counts + batch/labels,feature table,selected features and scores,1,baseline-function
CELLRANK2_2024,trajectory,轨迹与命运,Python,h5ad + neighbors + pseudotime/velocity,h5ad,fate probabilities,2,runtime-required
SCGPT_2024,foundation_models,foundation model embedding/annotation,Python,h5ad + checkpoint,h5ad/checkpoint,manifest for official task,2,manifest-only
SCFOUNDATION_2024,foundation_models,foundation model embedding/drug response,Python,h5ad + checkpoint,h5ad/checkpoint,manifest and audit,2,manifest-only
UCE_2026,foundation_models,zero-shot embedding,Python,h5ad + checkpoint/vocabulary,h5ad/checkpoint,manifest for official task,2,manifest-only
NICHEFORMER_2025,spatial_context,空间 niche,Python,spatial/context h5ad + checkpoint,h5ad/checkpoint,manifest for official task,2,manifest-only
MONOD_2025,transcription_dynamics,nascent/mature 动力学,Python,nascent + mature + official config,count/loom/config,manifest for official fit,2,manifest-only
SATURN_2024,cross_species,跨物种整合,Python,multi-species h5ad + protein embeddings,h5ad/embeddings,manifest for official workflow,2,manifest-only
BAMBU_2023,transcriptomics,长读长转录本,R,genome-aligned BAM + GTF + FASTA,BAM/GTF/FASTA,transcript counts,1,package+reference-required
SATURN_RN_DTU_2021,transcriptomics,transcript usage / DTU,R,transcript counts + annotation + replicates,counts + metadata,DTU results,1,package+transcript-inputs-required
MELLON_2024,state_density,cell-state density and temporal interpolation,Python,cell representation + optional time metadata,embedding/metadata,cell-state density and gene-change scores,2,manifest-only
MISO_2025,spatial_context,multimodal spatial omics integration,Python,aligned omics + optional image features,spot-level modalities,multimodal embedding and spatial clusters,2,manifest-only
SCMMIB_2025,integration_benchmark,multimodal integration benchmarking,Python,dataset manifest + task label,paired/unpaired/mosaic modality inputs,accuracy robustness and scalability metrics,2,manifest-only
SCMULTIBENCH_2025,integration_benchmark,multitask multimodal integration benchmarking,Python,dataset manifest + selected tasks,paired/unpaired/mosaic/cross modality inputs,task-specific integration metrics,2,manifest-only
NARMBENCH_2026,rna_modification,nanopore RNA modification tool evaluation,Python,nanopore reads + reference + chemistry,FASTQ/reference/labels,site-level detection and calibration metrics,2,manifest-only
PINNACLE_2024,protein_context,context-aware protein representations and target prioritization,Python,single-cell expression + PPI network + context metadata,expression/network/context/checkpoint,context-aware representations and prioritization scores,2,manifest-only
UTILITY_PPI_CONTEXT_BASELINE_R,protein_context,PPI/network target-prioritization baseline,R,edge table with optional weights,edge table,interpretable protein degree and weighted-degree table,1,baseline-function
PHLOWER_2025,multimodal_trajectory,complex branching trajectories from multimodal single-cell data,Python,two or more aligned modalities + cell metadata,modalities/metadata/root labels,trajectory embeddings differentiation trees and regulator candidates,2,manifest-only
