method_id,question,experimental_unit,baseline,compute_profile,minimum_evidence,not_for
NM_TRANSFORM_2023,Which expression transform is stable?,cell then sample,log1p-CPM or documented transform,CPU and low memory,assay-specific geometry check,mechanistic inference from UMAP shape
FEATURE_SELECTION_2025,Which features support integration/query?,cell plus batch/reference-query,scran or established integration baseline,CPU and moderate memory,batch labels and held-out query metrics,replicate-aware differential expression
CELLRANK2_2024,Are directed state transitions plausible?,cell output then sample/donor,classical trajectory and kernel sensitivity,CPU or GPU for larger AnnData,kNN plus time/pseudotime/velocity prior,proof of lineage conversion without validation
MELLON_2024,Where are dense or transitional state regions?,cell representation then sample/donor,representation-aware density baseline,CPU/GPU by cell count,representation and time/sample metadata,causal lineage probability or cell fraction
SCGPT_2024,Can a pretrained model support annotation/embedding?,cell output then sample-level task,nearest-neighbor/PCA and held-out labels,GPU/checkpoint,checkpoint license and task metric,independent biological replication
SCFOUNDATION_2024,Can large-scale pretraining support embedding/drug response?,cell output then sample-level task,PCA/scVI or task-specific classical model,GPU and large memory,checkpoint hash and held-out evaluation,small-sample causal claims
NICHEFORMER_2025,Can context support niche prediction?,spot/cell then sample/section,spatial neighborhood and ligand-receptor baseline,GPU/checkpoint,spatial metadata and domain-shift validation,causal cell-cell signaling
MISO_2025,Can aligned spatial modalities be integrated?,spot/cell,modality-specific clustering plus neighborhood baseline,Python 3.7/Git-LFS and optional GPU,shared key coordinates and image feature audit,unvalidated tissue mechanism
SCMMIB_2025,Which integrator is suitable for a paired/unpaired/mosaic task?,method-task-dataset,task-matched established integrator,benchmark environment and memory record,task label modality pairing and metrics,universal leaderboard claims
SCMULTIBENCH_2025,Which method works across selected integration tasks?,method-task-dataset,task-specific baseline with fixed split,benchmark environment and optional GPU,task list integration category and split,pooled single-number method ranking
MONOD_2025,Do nascent/mature counts support stochastic kinetics?,cell or biological replicate,official examples plus model comparison,official Python environment,matched nascent/mature counts and uncertainty,ordinary DE or velocity replacement
SATURN_2024,Can cell states align across species?,cell output then species/sample,ortholog/reference mapping,GPU and protein embeddings,protein coverage and cross-species QC,unqualified species equivalence
UCE_2026,Can new cells be embedded zero-shot?,cell output then species/sample,reference mapping or PCA,GPU/checkpoint,vocabulary coverage and species metadata,zero-shot output as causal evidence
BAMBU_2023,Can long reads discover transcripts?,transcript then biological replicate,gene-level quantification,R/Bioconductor and reference files,genome-aligned BAM plus matching GTF/FASTA,unmatched reference versions
SATURN_RN_DTU_2021,Does transcript usage differ?,biological replicate and transcript,edgeR/limma gene-level DE,CPU and transcript annotation,replicates and tx2gene with isoform coverage,one-sample or one-isoform inference
NARMBENCH_2026,How reliable are nanopore modification tools?,site/replicate/chemistry,chemistry-matched and retrained baseline,large storage plus optional GPU,ground truth chemistry and calibration,unvalidated modification mechanism
PINNACLE_2024,Can cell and tissue context improve protein-level prioritization?,cell/context then protein or target task,PPI/network and task-specific classical baseline,GPU/checkpoint plus network preprocessing,context labels network version checkpoint hash and held-out task metrics,causal protein function or therapeutic efficacy
PHLOWER_2025,Can multimodal data support a complex branching trajectory?,cell then branch/tree,CellRank or graph/trajectory baseline,Python and graph memory by cell count,shared cell IDs modality audit root/direction and branch stability,proven lineage direction or regulator causality
SPATIALDATA_2025,Can spatial datasets from different platforms be represented and joined consistently?,element/spot/cell/section,platform-native reader plus coordinate and image-registration checks,Python with storage and image-memory planning,element names coordinate systems units transformations and serialization audit,automatic correction of segmentation registration or biological confounding
SCIKITBIO_2026,Can a general Python toolkit handle the selected sequence/table/distance/diversity/taxonomy/phylogeny operation?,sequence/sample/table/feature,assay-specific format and metadata checks plus an interpretable statistical baseline,Python and operation-dependent memory,identifiers formats metadata and operation-specific assumptions,automatic experimental design selection or biological interpretation
SACCELERATOR_2026,Which spatially aware clustering outputs are reproducible and where do methods disagree?,spot/cell/section/dataset,platform-native clustering plus spatial and non-spatial metric baseline,Python with multiple datasets and method environments,method versions dataset splits coordinates spatial metrics and expert-review protocol,manual labels as unquestioned ground truth or metric/consensus score as tissue mechanism
